account_id,age,income,tenure,churned,churn_flag
1,39,4056.46,10,1,1
2,51,4693.79,14,1,1
3,23,4756.55,16,0,0
4,59,5190.53,38,0,0
5,44,4654.9,4,0,0
6,26,3978.68,37,0,0
7,30,2980.58,7,1,1
8,23,3329.85,37,1,1
9,62,4037.91,35,0,0
10,38,4603.45,16,0,0
11,55,2787.07,20,0,0
12,23,3670.57,8,1,1
13,40,5160.33,10,1,1
14,69,4496.55,57,0,0
15,41,,39,1,1
16,36,,31,0,0
17,65,4367.54,45,0,0
18,64,5880.19,25,0,0
19,48,4681.2,23,1,1
20,27,4430.93,48,0,0
21,50,4957.56,6,1,1
22,46,5209.07,56,0,0
23,41,6010.56,44,0,0
24,33,2654.27,43,0,0
25,56,4613.48,12,1,1
26,55,4681.26,21,0,0
27,51,3689.66,40,0,0
28,62,3518.75,52,0,0
29,44,3475.78,7,1,1
30,47,4545.45,11,1,1
31,25,,1,0,0
32,32,3685.21,40,0,0
33,41,4017.09,39,0,0
34,48,,31,0,0
35,25,3611.96,48,0,0
36,20,4489.63,14,0,0
37,53,5647.13,59,0,0
38,63,4946.52,55,0,0
39,29,4232.52,23,0,0
40,33,3060.53,40,0,0
41,31,4180.68,52,0,0
42,50,5408.68,23,0,0
43,69,4298.47,18,1,1
44,70,5002.47,60,0,0
45,42,4459.13,6,1,1
46,58,,58,0,0
47,60,4816.26,23,0,0
48,69,4519.45,46,0,0
49,30,4296.99,28,0,0
50,44,3595.1,30,0,0
51,65,5026.0,11,1,1
52,70,5311.12,42,0,0
53,49,,43,0,0
54,70,4699.37,47,0,0
55,27,,28,0,0
56,32,4089.99,19,1,1
57,39,2639.64,17,1,1
58,48,3990.66,43,0,0
59,45,5323.38,53,0,0
60,20,3375.01,56,0,0
61,19,4048.32,50,0,0
62,54,4052.64,4,1,1
63,54,4671.09,31,0,0
64,36,3803.56,3,0,0
65,67,5670.46,58,0,0
66,51,4011.01,13,1,1
67,53,2435.91,52,0,0
68,35,4495.0,60,0,0
69,47,3662.08,9,1,1
70,46,4869.32,5,1,1
71,26,4379.02,58,0,0
72,35,2098.69,57,0,0
73,66,3985.16,7,0,0
74,46,5040.63,33,0,0
75,41,5038.98,21,0,0
76,64,5250.31,2,1,1
77,37,4667.12,33,0,0
78,25,,6,1,1
79,68,4799.26,12,1,1
80,35,4670.2,26,0,0
81,55,4480.56,32,1,1
82,46,4049.11,58,1,1
83,59,4799.97,6,1,1
84,48,4103.23,1,1,1
85,36,,40,0,0
86,29,4879.03,17,1,1
87,38,3745.28,41,0,0
88,30,,18,1,1
89,35,5655.98,3,1,1
90,49,4620.83,16,0,0
91,46,2713.46,43,0,0
92,63,4813.61,14,0,0
93,64,,47,0,0
94,27,3348.69,1,1,1
95,35,4396.07,28,0,0
96,61,5043.35,19,1,1
97,21,4201.53,30,1,1
98,40,,36,0,0
99,38,4234.16,14,1,1
100,51,4552.63,42,0,0
101,19,,6,1,1
102,20,4288.77,20,0,0
103,56,4935.86,34,0,0
104,57,4223.4,25,0,0
105,50,4233.68,10,1,1
106,64,6001.09,58,0,0
107,63,2786.65,52,0,0
108,70,4831.27,2,0,0
109,62,4503.41,45,1,1
110,25,3703.2,25,0,0
111,59,,2,1,1
112,70,3931.04,5,0,0
113,61,,34,0,0
114,35,4792.9,16,0,0
115,48,4663.14,32,0,0
116,21,3623.22,40,0,0
117,57,3997.71,10,1,1
118,27,5178.11,1,1,1
119,62,4260.08,7,1,1
120,48,,30,0,0
121,54,4435.9,13,1,1
122,23,4313.06,53,0,0
123,36,4762.22,25,0,0
124,28,6162.87,48,0,0
125,27,4498.21,39,0,0
126,33,3189.68,32,0,0
127,20,4946.74,11,1,1
128,28,4083.62,27,0,0
129,40,3930.77,1,1,1
130,31,4849.77,46,1,1
131,35,,24,0,0
132,46,,49,0,0
133,25,4374.46,4,0,0
134,51,3883.87,21,0,0
135,46,5918.93,57,0,0
136,54,,36,0,0
137,65,3366.75,27,0,0
138,22,4397.14,59,0,0
139,49,4059.92,27,0,0
140,35,4829.44,26,0,0
141,54,4150.96,43,0,0
142,70,5235.53,32,0,0
143,40,,49,0,0
144,40,4452.63,36,1,1
145,35,2496.67,52,0,0
146,45,3603.46,48,0,0
147,40,4971.2,49,0,0
148,51,4795.85,34,0,0
149,32,4050.42,6,1,1
150,38,4934.3,55,0,0
151,27,2677.02,3,0,0
152,23,4652.32,26,0,0
153,52,3577.06,55,0,0
154,28,,34,0,0
155,65,3879.45,45,0,0
156,21,2696.38,1,0,0
157,60,4543.86,46,0,0
158,63,,49,0,0
159,52,,38,0,0
160,53,5213.38,20,0,0
161,39,4637.2,42,0,0
162,20,3332.52,27,0,0
163,20,2551.71,13,1,1
164,61,4734.32,28,0,0
165,21,3425.96,45,0,0
166,70,5699.96,19,0,0
167,31,4178.78,20,0,0
168,37,3651.95,7,0,0
169,33,3005.31,32,0,0
170,44,5043.16,4,1,1
171,28,4360.31,27,0,0
172,39,,47,0,0
173,29,4556.46,22,0,0
174,38,5478.67,43,0,0
175,40,4333.15,29,0,0
176,26,4079.65,36,0,0
177,41,,50,0,0
178,49,2974.09,13,1,1
179,31,2857.81,21,1,1
180,70,,41,0,0
181,21,5788.78,30,0,0
182,57,5415.17,22,0,0
183,58,4550.79,3,1,1
184,19,5305.11,47,0,0
185,59,5329.32,5,1,1
186,68,4959.74,25,0,0
187,50,5014.71,9,0,0
188,68,4610.24,10,1,1
189,39,3264.23,30,1,1
190,67,,11,1,1
191,21,3164.14,31,0,0
192,23,3700.71,17,1,1
193,45,6801.79,32,0,0
194,48,4285.12,40,0,0
195,53,4787.08,55,0,0
196,36,2717.52,37,0,0
197,35,3664.38,13,1,1
198,56,4834.42,13,1,1
199,34,2894.29,33,0,0
200,21,3705.51,7,1,1
