customer_id,age,income,purchases,churned
1,36,4574.05,10,1
2,22,3238.98,10,1
3,48,4643.94,14,0
4,51,5098.43,2,1
5,23,4011.6,9,1
6,53,4749.77,0,1
7,18,2009.0,10,1
8,52,5386.17,8,1
9,27,4024.15,16,0
10,61,5846.85,13,0
11,29,2121.64,12,1
12,75,5457.18,7,1
13,66,6488.75,21,0
14,47,4864.13,18,0
15,34,3308.15,10,1
16,37,3749.52,16,0
17,18,2811.54,11,1
18,68,5393.36,8,1
19,54,3373.39,12,1
20,33,3677.07,3,1
21,19,2438.5,6,1
22,44,3639.81,10,1
23,58,4035.51,23,0
24,47,5464.91,21,0
25,24,2813.78,5,1
26,26,2493.69,4,1
27,72,6862.87,16,0
28,38,3422.74,9,1
29,30,3626.76,15,0
30,47,5141.87,13,0
31,34,4517.52,12,0
32,24,3731.81,9,1
33,55,4219.66,3,1
34,71,6660.06,8,0
35,41,3731.17,13,0
36,20,2358.92,18,0
37,23,2651.42,13,1
38,22,2740.76,19,0
39,20,3474.49,6,1
40,38,4411.49,6,1
41,23,4463.57,0,1
42,21,2889.51,18,0
43,63,5453.43,23,0
44,49,4795.21,6,1
45,74,7467.13,13,0
46,60,5158.19,16,0
47,74,7150.56,20,0
48,37,3471.96,6,1
49,66,7573.35,10,0
50,63,4049.88,13,0
51,47,4355.61,13,0
52,32,3567.24,14,1
53,38,1858.86,16,1
54,39,3761.7,14,0
55,46,4620.0,15,0
56,69,4671.44,25,0
57,38,3976.26,9,1
58,66,4149.38,11,0
59,72,6929.43,21,0
60,62,6944.3,7,0
61,21,2583.37,8,1
62,73,6678.97,3,1
63,55,6216.42,0,1
64,51,4071.94,10,1
65,67,7171.79,10,0
66,43,3861.53,15,0
67,71,6336.14,16,0
68,53,5553.45,8,1
69,69,7372.33,21,0
70,53,5701.91,14,0
71,68,6883.38,8,0
72,17,2172.33,19,0
73,54,6592.14,12,0
74,62,6440.47,13,0
75,59,4191.62,11,1
76,51,4353.56,15,0
77,18,2609.38,4,1
78,74,5804.94,16,0
79,48,4088.36,9,1
80,67,6946.56,0,1
81,60,3580.66,10,1
82,73,5417.43,22,0
83,24,2102.08,14,1
84,43,5438.58,20,0
85,66,6940.58,19,0
86,39,3450.44,19,0
87,45,4771.97,26,0
88,58,5880.63,13,0
89,43,5124.71,11,0
90,21,3071.25,11,1
91,51,3414.34,14,0
92,34,4301.84,9,1
93,74,6953.66,0,1
94,18,2892.62,15,0
95,64,6327.27,16,0
96,32,2560.91,5,1
97,48,3297.84,8,1
98,60,5565.12,17,0
99,33,4692.21,8,1
100,70,5743.23,12,0
101,23,2025.13,13,0
102,33,2836.69,10,1
103,61,5501.46,14,0
104,28,3405.74,19,0
105,49,4674.42,7,1
106,38,3859.69,18,0
107,18,3915.98,12,0
108,46,4236.09,12,1
109,58,5661.8,6,0
110,41,4123.61,17,0
111,29,4049.48,11,1
112,56,3894.58,23,0
113,19,2609.27,11,1
114,43,2896.19,13,1
115,69,5246.86,16,0
116,60,5179.07,10,1
117,26,3010.85,12,1
118,51,5375.84,11,0
119,72,5931.1,17,0
120,46,4425.93,10,1
121,31,3280.37,11,1
122,41,4458.77,6,1
123,35,3430.98,16,0
124,64,5114.18,19,0
125,66,6468.29,7,0
126,25,5260.62,10,1
127,25,4595.03,15,0
128,62,4745.91,9,0
129,74,5325.5,10,1
130,68,4559.65,7,0
131,61,4903.7,3,1
132,24,3104.66,2,1
133,40,4590.96,5,1
134,59,4421.79,12,1
135,45,4791.32,2,1
136,58,5239.2,2,1
137,46,4415.12,14,0
138,29,4678.09,13,0
139,45,3466.83,12,0
140,65,5929.57,20,0
141,28,3609.27,13,0
142,35,5133.6,9,0
143,46,5081.01,13,0
144,59,4111.03,2,1
145,34,2596.12,13,1
146,28,4451.23,11,1
147,46,5411.54,12,0
148,44,2141.67,17,0
149,74,6963.3,10,0
150,49,4386.25,11,1
151,54,5438.21,5,1
152,30,2384.52,0,1
153,41,4145.41,12,0
154,35,3701.38,11,0
155,40,3304.74,22,0
156,69,6046.41,0,1
157,28,2713.79,0,1
158,41,4911.4,2,1
159,20,1990.31,16,1
160,22,3019.57,20,0
161,56,5746.55,10,0
162,28,4231.23,13,0
163,43,5439.17,4,1
164,51,3311.04,2,1
165,19,3376.12,9,1
166,71,5845.11,11,0
167,75,5926.31,10,0
168,32,3813.25,10,0
169,32,2887.47,14,0
170,23,2951.14,13,1
171,29,1585.01,11,1
172,37,3482.23,18,0
173,24,2236.83,10,1
174,36,4740.7,12,0
175,52,4893.69,13,0
176,63,4967.77,6,1
177,37,3804.02,4,1
178,59,4947.31,3,1
179,71,6400.44,9,0
180,57,4654.4,0,1
181,70,7028.97,0,1
182,64,6359.11,17,0
183,53,4559.95,12,1
184,49,3753.39,21,0
185,31,3502.31,7,1
186,22,4704.21,20,0
187,57,6278.7,1,1
188,16,3113.54,12,1
189,74,7766.47,14,0
190,49,4334.64,5,1
191,23,3426.95,14,1
192,32,3236.04,13,1
193,16,800,7,1
194,69,6802.29,17,0
195,31,3160.08,11,1
196,19,3215.88,18,0
197,59,5107.15,10,0
198,39,4866.67,12,0
199,37,3621.25,6,1
200,34,3643.51,11,0
201,29,2628.28,12,1
202,45,3761.95,13,1
203,34,4554.39,17,0
204,47,3267.28,4,1
205,54,5525.41,16,0
206,25,5317.46,3,1
207,27,1582.47,19,1
208,21,1693.42,16,1
209,27,2458.54,6,1
210,62,5697.23,7,1
211,37,3385.66,13,1
212,42,4314.35,14,0
213,64,5903.54,17,0
214,43,2704.09,19,0
215,28,1752.08,21,0
216,73,7112.3,3,1
217,31,3951.56,2,1
218,20,2660.57,12,1
219,28,3127.18,0,1
220,55,5658.14,21,0
221,60,5106.79,16,0
222,74,6415.8,16,0
223,20,3249.32,12,0
224,65,6100.25,8,0
225,43,4400.18,9,1
226,75,6452.59,11,0
227,65,6133.86,15,0
228,66,5054.27,12,0
229,28,2747.02,14,0
230,46,5133.79,6,1
231,43,6197.52,0,1
232,22,3115.55,0,1
233,44,4503.08,14,0
234,31,3830.83,11,0
235,58,5354.05,1,1
236,33,4211.0,5,1
237,28,2624.38,13,1
238,74,7108.56,7,0
239,41,4062.97,16,0
240,22,2525.51,1,1
241,22,4602.97,12,0
242,39,4904.67,16,0
243,23,3968.58,14,0
244,20,2078.11,3,1
245,44,3040.08,5,1
246,56,5032.71,5,1
247,29,4027.86,13,1
248,18,3504.76,4,1
249,29,3888.23,1,1
250,55,5519.63,10,0
251,66,4785.83,12,0
252,58,6135.18,3,1
253,21,2151.43,7,1
254,58,7919.14,6,0
255,35,3595.32,0,1
256,65,5838.7,17,0
257,28,2450.71,15,1
258,26,2677.6,2,1
259,41,3313.08,9,1
260,19,2060.04,3,1
261,74,5444.71,16,0
262,26,2370.38,14,1
263,49,4788.29,13,0
264,66,6825.1,15,0
265,24,3019.95,10,1
266,54,4572.57,17,0
267,73,5987.64,3,1
268,70,5286.7,13,0
269,70,6438.33,18,0
270,49,4525.01,15,0
271,25,2976.72,21,0
272,51,4613.18,16,0
273,58,5497.06,9,0
274,56,4454.21,13,0
275,35,2826.97,8,1
276,44,3456.97,12,1
277,47,3533.86,13,0
278,69,4901.85,14,0
279,22,3513.85,14,0
280,48,5773.28,10,0
281,56,6509.53,21,0
282,21,3993.18,18,0
283,40,3095.66,3,1
284,55,5103.95,10,0
285,28,4429.2,21,0
286,66,7416.51,17,0
287,75,6757.24,23,0
288,36,3281.13,15,0
289,68,5296.45,13,0
290,53,4681.2,11,1
291,36,3303.46,14,0
292,33,4239.93,6,1
293,26,3204.48,7,1
294,70,5817.86,4,1
295,51,3407.45,10,1
296,50,4283.38,7,1
297,67,5286.08,16,0
298,37,4161.15,12,0
299,27,1393.77,1,1
300,35,4688.68,0,1
301,53,6633.62,6,0
302,30,1816.07,16,1
303,43,3465.62,14,1
304,55,5358.11,11,0
305,16,1621.28,9,1
306,42,3979.19,5,1
307,29,2102.59,20,0
308,67,6017.41,12,0
309,22,3203.46,13,0
310,67,5274.65,11,0
311,57,6009.13,0,1
312,54,4316.76,21,0
313,31,3382.94,12,1
314,27,3166.71,12,1
315,65,6729.8,17,0
316,42,3642.79,14,1
317,48,4000.67,7,1
318,20,1899.77,11,1
319,72,6075.06,5,0
320,43,4001.41,11,0
321,63,5297.38,8,1
322,57,5175.08,17,0
323,63,7529.67,5,0
324,56,5414.64,5,1
325,66,7907.76,4,0
326,73,8293.32,14,0
327,16,3262.6,23,0
328,26,2511.96,11,1
329,72,5306.01,17,0
330,74,7588.59,8,0
331,50,3009.37,14,0
332,43,2528.66,16,0
333,72,6019.5,15,0
334,74,6127.72,12,0
335,23,4431.95,20,0
336,17,2801.96,15,1
337,57,4262.91,5,1
338,53,4579.17,12,0
339,68,4660.51,10,1
340,61,4433.56,14,0
341,29,3298.52,13,1
342,64,5059.25,4,1
343,56,4429.09,6,1
344,57,6370.63,13,0
345,43,4151.38,17,0
346,64,5559.44,8,1
347,54,3223.13,11,1
348,42,3987.22,19,0
349,22,1936.95,19,0
350,71,6021.74,15,0
351,34,3602.01,12,1
352,19,3986.61,18,0
353,47,3922.55,1,1
354,69,5782.88,4,1
355,26,2888.37,16,0
356,23,1805.72,21,0
357,47,4818.26,2,1
358,38,2628.36,23,0
359,73,6605.02,10,0
360,29,3098.93,9,1
361,50,3821.05,11,1
362,45,3912.72,17,0
363,60,5424.37,3,1
364,25,3602.02,16,0
365,51,4742.39,8,0
366,53,5491.79,12,0
367,57,5688.03,9,0
368,61,6181.63,15,0
369,62,5918.08,15,0
370,26,3989.66,13,1
371,32,4876.11,10,1
372,22,4116.08,13,0
373,25,3357.23,2,1
374,56,5356.49,16,0
375,72,6059.37,13,0
376,60,6343.95,14,0
377,34,3095.44,12,1
378,63,5054.05,12,1
379,60,4062.14,7,1
380,62,5848.23,4,0
381,57,4646.75,0,1
382,45,3184.9,7,1
383,60,6166.81,15,0
384,56,3726.99,18,0
385,46,3214.72,14,0
386,75,7177.95,20,0
387,36,3877.28,6,0
388,18,2615.63,11,1
389,61,5894.36,0,1
390,52,4789.94,8,1
391,46,3138.56,11,1
392,42,3178.82,11,1
393,59,5766.7,18,0
394,55,4453.02,10,1
395,33,3273.72,13,1
396,56,6030.26,10,0
397,32,4032.06,15,0
398,30,4605.46,27,0
399,45,4461.97,15,0
400,56,3503.72,15,1
