customer_id,age,income,purchases
1001,44,5459.76,3
1002,70,5132.06,8
1003,48,3332.62,13
1004,25,3851.35,21
1005,60,4596.17,5
1006,63,6210.21,9
1007,16,2479.66,10
1008,54,5391.35,18
1009,44,3780.96,9
1010,16,,8
1011,33,2560.55,16
1012,32,3283.88,10
1013,34,4718.09,13
1014,34,3849.67,0
1015,70,5851.91,8
1016,40,3869.43,17
1017,20,2052.41,10
1018,35,2923.33,4
1019,64,6108.17,10
1020,45,,13
1021,51,5175.19,18
1022,42,3997.61,10
1023,42,4167.57,11
1024,53,3070.96,7
1025,29,4373.67,30
1026,18,1754.04,16
1027,32,4673.4,12
1028,20,1821.6,18
1029,31,4229.09,12
1030,53,,4
1031,71,5215.83,17
1032,55,5651.35,12
1033,63,4821.82,6
1034,46,3596.85,7
1035,22,3575.2,16
1036,41,5546.1,11
1037,54,3891.2,12
1038,24,1815.63,13
1039,70,5836.3,10
1040,63,,16
1041,44,4281.64,13
1042,24,3965.26,14
1043,44,5586.6,10
1044,24,1767.7,0
1045,46,5601.76,7
1046,56,5076.75,13
1047,35,2202.28,32
1048,63,6125.21,25
1049,63,5151.56,1
1050,59,,9
